id,package,date,categories,CWE,url,references,severity,aliases,keywords,versions,affected,affected.functions,fix commit links,pov candidate links
RUSTSEC-2025-0022,openssl,2025-04-04,"[""memory-corruption""]",[],https://github.com/sfackler/rust-openssl/pull/2390,[N/A],[N/A],[N/A],[N/A],"patched = ["">= 0.10.72""]
unaffected = [""< 0.10.39""]",[N/A],"""openssl::md::Md::fetch"" = ["">= 0.10.39, < 0.10.72""]
""openssl::cipher::Cipher::fetch"" = ["">= 0.10.39, < 0.10.72""]",https://github.com/sfackler/rust-openssl/pull/2390/files,https://github.com/sfackler/rust-openssl/pull/2390/files
RUSTSEC-2025-0021,gix-features,2025-04-03,"[""crypto-failure""]","[""CWE-328""]",https://github.com/GitoxideLabs/gitoxide/security/advisories/GHSA-2frx-2596-x5r6,"[ ""https://github.com/advisories/GHSA-2frx-2596-x5r6"", ""https://nvd.nist.gov/vuln/detail/CVE-2025-31130"", ]",Medium,"[""CVE-2025-31130"", ""GHSA-2frx-2596-x5r6""]","[""hash-collision"", ""sha-1"", ""weak-hash""]","patched = ["">= 0.41.0""]",[N/A],"""gix_features::hash::bytes_of_file"" = [""< 0.41.0""]
""gix_features::hash::bytes"" = [""< 0.41.0""]
""gix_features::hash::bytes_with_hasher"" = [""< 0.41.0""]
""gix_features::hash::hasher"" = [""< 0.41.0""]
""gix_features::hash::Hasher::update"" = [""< 0.41.0""]
""gix_features::hash::Hasher::digest"" = [""< 0.41.0""]
""gix_features::hash::Write::new"" = [""< 0.41.0""]
""gix_features::hash::Write::write"" = [""< 0.41.0""]
""gix_features::hash::Write::flush"" = [""< 0.41.0""]",https://github.com/GitoxideLabs/gitoxide/commit/4660f7a6f71873311f68f170b0f1f6659a02829d,https://github.com/GitoxideLabs/gitoxide/security/advisories/GHSA-2frx-2596-x5r6
RUSTSEC-2025-0020,pyo3,2025-04-01,"[""memory-exposure""]",[],https://github.com/PyO3/pyo3/issues/5005,[N/A],[N/A],[N/A],"[""buffer-overflow""]","patched = ["">= 0.24.1""]","functions = { ""pyo3::types::PyString::from_object"" = [""< 0.24.1""], ""pyo3::types::PyString::from_object_bound"" = [""< 0.24.1"", "">= 0.21.0""] }",[N/A],https://github.com/PyO3/pyo3/commit/5caaa371dce8fe8a93c64d7a465c3c2c80ce6e2f,https://github.com/PyO3/pyo3/issues/5005
RUSTSEC-2025-0018,xmas-elf,2025-03-26,"[""memory-exposure""]",[],https://github.com/nrc/xmas-elf/issues/86,[N/A],[N/A],[N/A],[N/A],"patched = ["">=0.10""]","functions = { ""xmas_elf::hash::HashTable::get_bucket"" = [""<0.10""], ""xmas_elf::hash::HashTable::get_chain"" = [""<0.10""] }",[N/A],https://github.com/nrc/xmas-elf/commit/57685c35512a57269086314a42a70441af4ef451,https://github.com/nrc/xmas-elf/issues/86
RUSTSEC-2025-0016,pared,2025-03-13,"[""code-execution""]",[],https://github.com/radekvit/pared/issues/2,[N/A],[N/A],[N/A],[N/A],"patched = ["">= 0.4.0""]",[N/A],"""pared::prc::Prc::from_rc"" = [""< 0.4.0""]
""pared::prc::Prc::project"" = [""< 0.4.0""]
""pared::prc::Prc::try_from_rc"" = [""< 0.4.0""]
""pared::sync::Parc::from_arc"" = [""< 0.4.0""]
""pared::sync::Parc::project"" = [""< 0.4.0""]
""pared::sync::Parc::try_from_arc"" = [""< 0.4.0""]",https://github.com/radekvit/pared/commit/108f540ea8acb6073751a1aa386085c1cdc4fd1e,https://github.com/radekvit/pared/issues/2
RUSTSEC-2025-0015,web-push,2025-02-16,"[""denial-of-service""]",[],https://github.com/pimeys/rust-web-push/pull/68,[N/A],[N/A],[N/A],"[""panic"", ""oom""]","patched = ["">= 0.10.3""]",[N/A],[N/A],https://github.com/pimeys/rust-web-push/pull/68/files,https://github.com/pimeys/rust-web-push/pull/64
RUSTSEC-2025-0005,grcov,2025-01-13,"[""memory-corruption""]",[],https://bugzilla.mozilla.org/show_bug.cgi?id=1917475,[N/A],[N/A],[N/A],[N/A],"patched = ["">0.8.20""]","functions = { ""grcov::covdir::get_coverage"" = [""<=0.8.20""] }",[N/A],https://github.com/mozilla/grcov/commit/c8219563bc91615dd4a27884a5c63f09db8d03bb,https://bugzilla.mozilla.org/show_bug.cgi?id=1917475
RUSTSEC-2024-0441,wasmtime,2024-04-02,"[""denial-of-service""]","[""CWE-843""]",https://github.com/bytecodealliance/wasmtime/security/advisories/GHSA-75hq-h6g9-h4q5,[N/A],Low,"[""CVE-2024-30266"", ""GHSA-75hq-h6g9-h4q5""]",[],"patched = ["">= 19.0.1""]
unaffected = [""< 19.0.0""]",[N/A],[N/A],"https://github.com/bytecodealliance/wasmtime/commit/7f57d0bb0948fa56cc950278d0db230ed10e8664
",https://github.com/bytecodealliance/wasmtime/issues/8281
RUSTSEC-2024-0437,protobuf,2024-12-12,"[""denial-of-service""]",[],https://github.com/stepancheg/rust-protobuf/issues/749,[N/A],[N/A],[N/A],"[""panic""]","patched = ["">= 3.7.2""]","functions = { ""protobuf::coded_input_stream::CodedInputStream::skip_group"" = [""<= 3.4.0""] }",[N/A],https://github.com/stepancheg/rust-protobuf/commit/f06992f46771c0a092593b9ebf7afd48740b3ed6,https://github.com/stepancheg/rust-protobuf/commit/f06992f46771c0a092593b9ebf7afd48740b3ed6
RUSTSEC-2024-0406,ic-stable-structures,2024-05-17,"[""denial-of-service""]","[""CWE-401""]",https://github.com/dfinity/stable-structures/pull/212,[N/A],Medium,"[""CVE-2024-4435"", ""GHSA-3rcq-39xp-7xjp""]","[""canister"", ""icp"", ""memory leak"", ""stable memory""]","patched = ["">= 0.6.4""]
unaffected = [""< 0.6.0""]",[N/A],[N/A],https://github.com/dfinity/stable-structures/pull/212/files,https://github.com/dfinity/stable-structures/pull/212/files
RUSTSEC-2024-0402,hashbrown,2024-10-11,"[""crypto-failure""]",[],https://github.com/rust-lang/hashbrown/issues/576,[N/A],[N/A],[N/A],"[""borsh""]","patched = ["">= 0.15.1""]
unaffected = [""< 0.15.0""]","functions = { ""hashbrown::HashMap::borsh_serialize"" = [""=0.15.0""] }",[N/A],https://github.com/rust-lang/hashbrown/pull/581/files,https://github.com/rust-lang/hashbrown/issues/576
RUSTSEC-2024-0401,zlib-rs,2024-11-14,"[""denial-of-service""]","[""CWE-770""]",https://github.com/trifectatechfoundation/zlib-rs/security/advisories/GHSA-j3px-q95c-9683,[N/A],Medium,"[""GHSA-j3px-q95c-9683""]","[""stack-overflow""]","patched = ["">= 0.4.0""]","functions = { ""zlib_rs::inflate::inflate"" = [""<= 0.3.1""] }",[N/A],https://github.com/trifectatechfoundation/zlib-rs/commit/af224e7c29863a30fb2cd9af85678de85256cc15,http://github.com/trifectatechfoundation/zlib-rs/commit/af224e7c29863a30fb2cd9af85678de85256cc15
RUSTSEC-2024-0399,rustls,2024-11-22,"[""denial-of-service""]",[],https://github.com/rustls/rustls/issues/2227,[N/A],[N/A],[N/A],[N/A],"patched = ["">= 0.23.18""]
unaffected = ["">= 0.23, < 0.23.13"", ""< 0.23""]",[N/A],[N/A],https://github.com/rustls/rustls/pull/2231/files,https://github.com/rustls/rustls/issues/2227
RUSTSEC-2024-0377,dbn,2024-10-07,"[""memory-corruption""]",[],https://github.com/databento/dbn/issues/67,[N/A],[N/A],[N/A],"[""Heap-Buffer-Overflow""]","patched = [""> 0.22.0""]",[N/A],[N/A],https://github.com/databento/dbn/commit/339efb90fdb980920a5e8829008abc1114f4bfdd,"https://github.com/databento/dbn/issues/67

https://github.com/databento/dbn/commit/339efb90fdb980920a5e8829008abc1114f4bfdd"
RUSTSEC-2024-0376,tonic,2024-10-01,"[""denial-of-service""]","[""CWE-755""]",https://github.com/hyperium/tonic/security/advisories/GHSA-4jwc-w2hc-78qv,[N/A],[N/A],"[""CVE-2024-47609"", ""GHSA-4jwc-w2hc-78qv""]","[""dos""]","patched = ["">= 0.12.3""]
unaffected = [""<= 0.11.0""]",[N/A],[N/A],https://github.com/hyperium/tonic/commit/a4472a86f3290e60c7c01348b7e6a8164d6e7e48,https://github.com/hyperium/tonic/issues/1897
RUSTSEC-2024-0373,quinn-proto,2024-09-02,"[""denial-of-service""]","[""CWE-670""]",https://github.com/quinn-rs/quinn,[N/A],High,"[""GHSA-vr26-jcq5-fjj8"", ""CVE-2024-45311""]","[""panic""]","patched = ["">= 0.11.7""]
unaffected = [""< 0.11.0""]",[N/A],[N/A],https://github.com/quinn-rs/quinn/commit/e01609ccd8738bd438d86fa7185a0f85598cb58f,https://github.com/quinn-rs/quinn/security/advisories/GHSA-vr26-jcq5-fjj8
RUSTSEC-2024-0369,phonenumber,2024-07-07,"[""denial-of-service""]","[""CWE-248"", ""CWE-284"", ""CWE-392"", ""CWE-617"", ""CWE-1284""]",https://github.com/whisperfish/rust-phonenumber/security/advisories/GHSA-mjw4-jj88-v687,"[""https://cve.mitre.org/cgi-bin/cvename.cgi?name=CVE-2024-39697""]",High,"[""CVE-2024-39697"", ""GHSA-mjw4-jj88-v687""]","[""panic"", ""untrusted input"", ""parsing""]","patched = ["">=0.3.6""]
unaffected = [""< 0.3.3""]","functions = { ""phonenumber::parse"" = [""*""] }",[N/A],https://github.com/whisperfish/rust-phonenumber/commit/b792151b17fc90231c232a23935830c2266f3203,https://github.com/whisperfish/rust-phonenumber/commit/b792151b17fc90231c232a23935830c2266f3203
RUSTSEC-2024-0363,sqlx,2024-08-15,"[""format-injection""]",[],https://github.com/launchbadge/sqlx/issues/3440,[N/A],[N/A],[N/A],"[""sql"", ""injection"", ""overflow"", ""truncation""]","patched = ["">= 0.8.1""]",[N/A],[N/A],https://github.com/launchbadge/sqlx/commit/bf13a7706be2732f5fbfedce6c7064d91d4d3eaf,https://github.com/launchbadge/sqlx/issues/3440#issuecomment-2307956901
RUSTSEC-2024-0362,alloy-json-abi,2024-07-30,"[""denial-of-service""]",[],https://github.com/alloy-rs/core/issues/702,[N/A],[N/A],[N/A],"[""stack-overflow""]","patched = ["">= 0.7.7""]",[N/A],[N/A],https://github.com/alloy-rs/core/pull/703/files,https://github.com/alloy-rs/core/issues/702
RUSTSEC-2024-0357,openssl,2024-07-21,"[""memory-corruption""]",[],https://github.com/sfackler/rust-openssl/pull/2266,[N/A],[N/A],[N/A],[N/A],"patched = ["">= 0.10.66""]","functions = { ""openssl::bio::MemBio::get_buf"" = [""< 0.10.66, >=0.8.0""] }",[N/A],https://github.com/sfackler/rust-openssl/pull/2266/files,https://github.com/sfackler/rust-openssl/pull/2266/files
RUSTSEC-2024-0356,matrix-sdk-crypto,2024-07-18,"[""crypto-failure""]","[""CWE-287"", ""CWE-863""]",https://github.com/matrix-org/matrix-rust-sdk/security/advisories/GHSA-4qg4-cvh2-crgg,[N/A],[N/A],"[""CVE-2024-40648"", ""GHSA-4qg4-cvh2-crgg""]",[N/A],"patched = ["">= 0.7.2""]","functions = { ""matrix_sdk_crypto::UserIdentity::is_verified"" = [""< 0.7.2""] }",[N/A],https://github.com/matrix-org/matrix-rust-sdk/commit/76a7052149bb8f722df12da915b3a06d19a6695a,https://github.com/matrix-org/matrix-rust-sdk/commit/76a7052149bb8f722df12da915b3a06d19a6695a
RUSTSEC-2024-0350,gix-fs,2024-05-22,"[""code-execution""]","[""CWE-22"", ""CWE-23""]",https://github.com/Byron/gitoxide/security/advisories/GHSA-7w47-3wg8-547c,"[ ""https://github.com/advisories/GHSA-7w47-3wg8-547c"", ""https://nvd.nist.gov/vuln/detail/CVE-2024-35186"", ]",High,"[""CVE-2024-35186"", ""GHSA-7w47-3wg8-547c""]","[""directory-traversal""]","patched = ["">= 0.11.0""]",[N/A],[N/A],https://github.com/GitoxideLabs/gitoxide/commit/79dce79c62f6072aa2653780d590dc3993dfa401,https://github.com/GitoxideLabs/gitoxide/security/advisories/GHSA-7w47-3wg8-547c
RUSTSEC-2024-0345,sequoia-openpgp,2024-06-26,"[""denial-of-service""]",[],https://gitlab.com/sequoia-pgp/sequoia/-/issues/1106,[N/A],[N/A],[N/A],"[""infinite-loop""]","patched = ["">= 1.21.0""]
unaffected = [""< 1.13.0""]","functions = { ""sequoia_openpgp::cert::raw::RawCertParser"" = ["">= 1.13.0, < 1.21.0""] }",[N/A],https://gitlab.com/sequoia-pgp/sequoia/-/commit/81fa1d8440116712365106bca7bd81b46349d9c0,https://gitlab.com/sequoia-pgp/sequoia/-/issues/1106
RUSTSEC-2024-0343,nano-id,2024-06-03,"[""crypto-failure""]","[""CWE-331""]",[N/A],[N/A],Critical,"[""GHSA-2hfw-w739-p7x5"", ""GHSA-9hc7-6w9r-wj94"", ""CVE-2024-36400""]",[N/A],"patched = ["">= 0.4.0""]","functions = { ""nano_id::base58"" = [""< 0.4.0""], ""nano_id::base62"" = [""< 0.4.0""], ""nano_id::gen"" = [""< 0.4.0""] }",[N/A],https://github.com/viz-rs/nano-id/commit/a9022772b2f1ce38929b5b81eccc670ac9d3ab23,https://rustsec.org/advisories/RUSTSEC-2024-0343
RUSTSEC-2024-0341,tls-listener,2024-03-15,"[""denial-of-service""]","[""CWE-400""]",https://github.com/tmccombs/tls-listener/security/advisories/GHSA-2qph-qpvm-2qf7,[N/A],High,"[""CVE-2024-28854"", ""GHSA-2qph-qpvm-2qf7""]",[N/A],"patched = ["">= 0.10.0""]","functions = { ""tls_listener::TlsListener::new"" = [""< 0.10.0""] }",[N/A],https://github.com/tmccombs/tls-listener/commit/d5a7655d6ea9e53ab57c3013092c5576da964bc4,https://github.com/tmccombs/tls-listener/security/advisories/GHSA-2qph-qpvm-2qf7
RUSTSEC-2024-0336,rustls,2024-04-19,"[""denial-of-service""]","[""CWE-835""]",https://github.com/rustls/rustls/security/advisories/GHSA-6g7w-8wpp-frhj,[N/A],High,"[""CVE-2024-32650"", ""GHSA-6g7w-8wpp-frhj""]",[N/A],"patched = ["">= 0.23.5"", "">= 0.22.4, < 0.23.0"", "">= 0.21.11, < 0.22.0""]","functions = { ""rustls::ConnectionCommon::complete_io"" = [""<= 0.23.4"", ""<= 0.22.3"", ""<= 0.21.10"", ""0.20""] }",[N/A],"https://github.com/rustls/rustls/commit/f45664fbded03d833dffd806503d3c8becd1b71e

https://github.com/rustls/rustls/commit/6e938bcfe82a9da7a2e1cbf10b928c7eca26426e 

https://github.com/rustls/rustls/commit/2123576840aa31043a31b0770e6572136fbe0c2d",https://github.com/rustls/rustls/security/advisories/GHSA-6g7w-8wpp-frhj
RUSTSEC-2024-0335,gix-transport,2024-04-13,"[""code-execution""]","[""CWE-77"", ""CWE-88""]",https://github.com/Byron/gitoxide/security/advisories/GHSA-98p4-xjmm-8mfh,[N/A],Medium,"[""CVE-2024-32884"", ""GHSA-98p4-xjmm-8mfh""]",[N/A],"patched = ["">= 0.42.0""]",[N/A],[N/A],https://github.com/GitoxideLabs/gitoxide/commit/f56ad390a5569d0129b7b16632991d18b9ddb4f7,https://github.com/GitoxideLabs/gitoxide/security/advisories/GHSA-98p4-xjmm-8mfh
RUSTSEC-2024-0021,eyre,2024-03-05,"[""memory-corruption""]","[""CWE-843""]",https://github.com/eyre-rs/eyre/issues/141,[N/A],High,"[""GHSA-4v52-7q2x-v4xj""]",[N/A],"patched = ["">= 0.6.12""]
unaffected = [""< 0.6.9""]","functions = { ""eyre::Report::downcast"" = ["">= 0.6.9, < 0.6.12""] }",[N/A],https://github.com/eyre-rs/eyre/pull/143/files,https://github.com/eyre-rs/eyre/issues/141
RUSTSEC-2024-0012,serde-json-wasm,2024-01-24,"[""denial-of-service""]",[],[N/A],[N/A],High,"[""GHSA-rr69-rxr6-8qwf""]","[""stack-overflow"", ""json""]","patched = ["">= 1.0.1"", "">= 0.5.2, < 1.0.0""]",[N/A],[N/A],https://github.com/CosmWasm/serde-json-wasm/commit/e78f9e28b3a2151d3175ee88ab2a001bf9515429,https://github.com/CosmWasm/serde-json-wasm/commit/e78f9e28b3a2151d3175ee88ab2a001bf9515429
RUSTSEC-2024-0011,snow,2024-01-23,"[""crypto-failure""]","[""CWE-440""]",https://github.com/mcginty/snow/security/advisories/GHSA-7g9j-g5jg-3vv3,[N/A],[N/A],"[""GHSA-7g9j-g5jg-3vv3""]","[""noise"", ""nonce"", ""state""]","patched = ["">= 0.9.5""]",[N/A],[N/A],https://github.com/mcginty/snow/commit/12e8ae55547ae297d5f70599e5c884ea891303eb,https://github.com/mcginty/snow/commit/12e8ae55547ae297d5f70599e5c884ea891303eb
RUSTSEC-2024-0010,svix,2024-02-06,"[""crypto-failure""]","[""CWE-288"", ""CWE-347""]",https://github.com/svix/svix-webhooks/pull/1190,[N/A],Medium,"[""CVE-2024-21491"", ""GHSA-747x-5m58-mq97"", ""GHSA-w277-wpqf-rcfv""]",[N/A],"patched = ["">= 1.17.0""]","functions = { ""svix::webhooks::Webhook::verify"" = [""< 1.17.0""] }",[N/A],https://github.com/svix/svix-webhooks/pull/1190/files,https://github.com/svix/svix-webhooks/pull/1190/files
RUSTSEC-2024-0009,trillium-http,2024-01-23,"[""format-injection""]","[""CWE-113"", ""CWE-436""]",https://github.com/trillium-rs/trillium/security/advisories/GHSA-9f9p-cp3c-72jf,[N/A],Medium,"[""GHSA-9f9p-cp3c-72jf"", ""CVE-2024-23644""]","[""http"", ""request"", ""splitting""]","patched = ["">= 0.3.12""]
unaffected = []",[N/A],[N/A],https://github.com/trillium-rs/trillium/commit/8d468f85e27b8d0943d6f43ce9f8c7397141a999,"https://github.com/trillium-rs/trillium/commit/8d468f85e27b8d0943d6f43ce9f8c7397141a999

https://github.com/trillium-rs/trillium/commit/16a42b3f8378a3fa4e61ece3e3e37e6a530df51d"
RUSTSEC-2023-0085,hpack,2023-09-15,"[""denial-of-service""]","[""CWE-754""]",https://github.com/mlalic/hpack-rs/issues/11,"[""https://github.com/sno2/hpack-rs-patched/commit/d669282924a95311599e9e7dd53869ee96b3a2f5""]",High,"[""GHSA-w7hm-hmxv-pvhf""]",[N/A],patched = [],[N/A],[N/A],https://github.com/sno2/hpack-rs-patched/commit/d669282924a95311599e9e7dd53869ee96b3a2f5,https://github.com/advisories/GHSA-w7hm-hmxv-pvhf
RUSTSEC-2023-0082,phonenumber,2023-09-19,"[""denial-of-service""]","[""CWE-248"", ""CWE-392"", ""CWE-1284""]",https://github.com/whisperfish/rust-phonenumber/security/advisories/GHSA-whhr-7f2w-qqj2,"[""https://cve.mitre.org/cgi-bin/cvename.cgi?name=CVE-2023-42444""]",High,"[""CVE-2023-42444"", ""whhr-7f2w-qqj2""]","[""panic"", ""untrusted input"", ""parsing""]","patched = ["">= 0.2.5, <0.3.0"", "">=0.3.3""]","functions = { ""phonenumber::parse"" = [""*""] }",[N/A],https://github.com/whisperfish/rust-phonenumber/commit/bea8e732b9cada617ede5cf51663dba183747f71,https://github.com/whisperfish/rust-phonenumber/commit/bea8e732b9cada617ede5cf51663dba183747f71
RUSTSEC-2023-0080,transpose,2023-12-18,"[""memory-corruption""]","[""CWE-120"", ""CWE-190""]",https://github.com/ejmahler/transpose/issues/11,[N/A],Critical,"[""GHSA-5gmm-6m36-r7jh""]",[N/A],"patched = ["">= 0.2.3""]","functions = { ""transpose::transpose"" = ["">= 0.1.0""] }",[N/A],https://github.com/ejmahler/transpose/commit/c4bcd39fabca9a31a401d0cc42d4090869b5a37a,https://github.com/ejmahler/transpose/issues/11
RUSTSEC-2023-0077,rosenpass,2023-11-04,"[""denial-of-service""]","[""CWE-130""]",[N/A],"[""https://github.com/rosenpass/rosenpass/commit/93439858d1c44294a7b377f775c4fc897a370bb2""]",High,"[""GHSA-6ggr-cwv4-g7qg""]","[""remote"", ""single-byte""]","patched = ["">= 0.2.1""]",[N/A],[N/A],https://github.com/rosenpass/rosenpass/commit/93439858d1c44294a7b377f775c4fc897a370bb2,https://github.com/rosenpass/rosenpass/commit/93439858d1c44294a7b377f775c4fc897a370bb2
RUSTSEC-2023-0074,zerocopy,2023-12-14,"[""memory-corruption""]",[],https://github.com/google/zerocopy/issues/716,[N/A],[N/A],"[""GHSA-3mv5-343c-w2qg"", ""GHSA-rjhf-4mh8-9xjq""]","[""ref"", ""refcell"", ""mutable-aliasing""]","patched = ["">= 0.2.9, < 0.3.0"", "">= 0.3.2, < 0.4.0"", "">= 0.4.1, < 0.5.0"", "">= 0.5.2, < 0.6.0"", "">= 0.6.6, < 0.7.0"", "">= 0.7.31""]
unaffected = [""< 0.2.2""]",[N/A],"""zerocopy::Ref::into_ref"" = ["">= 0.2.2, < 0.2.9"", "">= 0.3.0, < 0.3.2"", "">= 0.4.0, < 0.4.1"", "">= 0.5.0, < 0.5.2"", "">= 0.6.0, < 0.6.6"", "">= 0.7.0, < 0.7.31""]
""zerocopy::Ref::into_mut"" = ["">= 0.2.2, < 0.2.9"", "">= 0.3.0, < 0.3.2"", "">= 0.4.0, < 0.4.1"", "">= 0.5.0, < 0.5.2"", "">= 0.6.0, < 0.6.6"", "">= 0.7.0, < 0.7.31""]
""zerocopy::Ref::into_slice"" = ["">= 0.2.2, < 0.2.9"", "">= 0.3.0, < 0.3.2"", "">= 0.4.0, < 0.4.1"", "">= 0.5.0, < 0.5.2"", "">= 0.6.0, < 0.6.6"", "">= 0.7.0, < 0.7.31""]
""zerocopy::Ref::into_mut_slice"" = ["">= 0.2.2, < 0.2.9"", "">= 0.3.0, < 0.3.2"", "">= 0.4.0, < 0.4.1"", "">= 0.5.0, < 0.5.2"", "">= 0.6.0, < 0.6.6"", "">= 0.7.0, < 0.7.31""]",https://github.com/google/zerocopy/commit/7d3a8f9ea6bcf982ecd77db39a8be410b098232e,https://github.com/google/zerocopy/issues/716
RUSTSEC-2023-0070,self_cell,2023-11-10,"[""memory-corruption""]",[],https://github.com/Voultapher/self_cell/issues/49,[N/A],[N/A],"[""GHSA-48m6-wm5p-rr6h""]","[""unsound"", ""self_cell"", ""self-referential""]","patched = ["">= 0.10.3, < 1.0.0"", "">= 1.0.2""]",[N/A],[N/A],https://github.com/Voultapher/self_cell/pull/50/files,https://github.com/Voultapher/self_cell/issues/49
RUSTSEC-2023-0068,cocoon,2023-10-15,"[""crypto-failure""]",[],https://github.com/fadeevab/cocoon/issues/22,[N/A],Medium,"[""GHSA-6878-6wc2-pf5h""]","[""nonce"", ""stream-cipher""]","patched = ["">= 0.4.0""]",[N/A],"""cocoon::Cocoon::encrypt"" = [""<= 0.3.3""]
""cocoon::Cocoon::dump"" = [""<= 0.3.3""]
""cocoon::Cocoon::wrap"" = [""<= 0.3.3""]
""cocoon::MiniCocoon::encrypt"" = [""<= 0.3.3""]
""cocoon::MiniCocoon::dump"" = [""<= 0.3.3""]
""cocoon::MiniCocoon::wrap"" = [""<= 0.3.3""]",https://github.com/fadeevab/cocoon/pull/23/files,https://rustsec.org/advisories/RUSTSEC-2023-0068
RUSTSEC-2023-0066,pleaser,2023-04-29,"[""privilege-escalation""]","[""CWE-269""]",https://gitlab.com/edneville/please/-/issues/13,[N/A],Medium,"[""CVE-2023-46277"", ""GHSA-cgf8-h3fp-h956""]",[],patched = [],[N/A],[N/A],https://gitlab.com/edneville/please/-/merge_requests/69/diffs#note_1594254575,https://rustsec.org/advisories/RUSTSEC-2023-0066
RUSTSEC-2023-0062,bcder,2023-09-13,"[""denial-of-service""]","[""CWE-228"", ""CWE-232"", ""CWE-240""]",https://nlnetlabs.nl/downloads/bcder/CVE-2023-39914.txt,"[""https://github.com/NLnetLabs/bcder/pull/74""]",High,"[""CVE-2023-39914"", ""GHSA-6jmw-6mxw-w4jc""]","[""example"", ""freeform"", ""keywords""]","patched = ["">= 0.7.3""]",[N/A],[N/A],https://github.com/NLnetLabs/bcder/pull/74/files,https://github.com/NLnetLabs/bcder/pull/74/files
RUSTSEC-2023-0044,openssl,2023-06-20,"[""memory-exposure""]","[""CWE-126""]",https://github.com/sfackler/rust-openssl/issues/1965,[N/A],[N/A],"[""GHSA-xcf7-rvmh-g6q4""]",[N/A],"patched = ["">= 0.10.55""]","functions = { ""openssl::x509::verify::X509VerifyParamRef::set_host"" = [""< 0.10.55, >=0.10.0""] }",[N/A],https://github.com/sfackler/rust-openssl/pull/1968/files,https://github.com/sfackler/rust-openssl/issues/1965
RUSTSEC-2023-0039,buffered-reader,2023-05-16,"[""denial-of-service""]",[],https://lists.sequoia-pgp.org/hyperkitty/list/announce@lists.sequoia-pgp.org/thread/SN2E3QRT4DMQ5JNEK6VIN6DJ5SH766DI/,"[""https://gitlab.com/sequoia-pgp/sequoia/-/tags/buffered-reader%2Fv1.2.0""]",[N/A],"[""GHSA-29mf-62xx-28jq""]","[""panic""]","patched = ["">= 1.0.2, < 1.1.0"", "">= 1.1.5, < 1.2.0"", "">= 1.2.0""]",[N/A],[N/A],https://gitlab.com/sequoia-pgp/sequoia/-/commit/f6307652fb2cbf4e0fbd3f897b1ec70863fcfa61,https://gitlab.com/sequoia-pgp/sequoia/-/commit/f6307652fb2cbf4e0fbd3f897b1ec70863fcfa61
RUSTSEC-2023-0030,versionize,2023-03-24,"[""memory-exposure""]","[""CWE-125""]",https://github.com/firecracker-microvm/versionize/pull/53,[N/A],Medium,"[""CVE-2023-28448"", ""GHSA-8vxc-r5wp-vgvc""]",[N/A],"patched = ["">= 0.1.10""]","os = [""linux""]",[N/A],https://github.com/firecracker-microvm/versionize/pull/53/files,https://github.com/firecracker-microvm/versionize/pull/53/files
RUSTSEC-2023-0024,openssl,2023-03-24,"[""denial-of-service""]","[""CWE-476""]",https://github.com/sfackler/rust-openssl/pull/1854,[N/A],[N/A],"[""GHSA-6hcf-g6gr-hhcr""]",[N/A],"patched = ["">= 0.10.48""]","functions = { ""openssl::x509::X509Extension::new"" = [""< 0.10.48, >=0.9.7""], ""openssl::x509::X509Extension::new_nid"" = [""< 0.10.48, >=0.9.7""] }",[N/A],https://github.com/sfackler/rust-openssl/pull/1854/commits/78aa9aa22cfd58ac33d1e19184cec667438fd2a1,https://github.com/sfackler/rust-openssl/pull/1854/commits/78aa9aa22cfd58ac33d1e19184cec667438fd2a1
RUSTSEC-2022-0102,wasmtime,2022-11-05,"[""memory-corruption""]","[""CWE-119"", ""CWE-125"", ""CWE-787""]",https://github.com/bytecodealliance/wasmtime/security/advisories/GHSA-44mr-8vmm-wjhg,[N/A],Medium,"[""CVE-2022-39392"", ""GHSA-44mr-8vmm-wjhg""]",[],"patched = ["">= 1.0.2, < 2.0.0"", "">= 2.0.2""]",[N/A],[N/A],https://github.com/bytecodealliance/wasmtime/commit/e60c3742904ccbb3e26da201c9221c38a4981d72,https://github.com/bytecodealliance/wasmtime/commit/e60c3742904ccbb3e26da201c9221c38a4981d72
RUSTSEC-2022-0101,wasmtime,2022-07-05,"[""denial-of-service""]","[""CWE-682"", ""CWE-824""]",https://github.com/bytecodealliance/wasmtime/security/advisories/GHSA-7f6x-jwh5-m9r4,[N/A],Medium,"[""CVE-2022-23636"", ""GHSA-7f6x-jwh5-m9r4""]",[],"patched = ["">= 0.38.2""]",[N/A],[N/A],https://github.com/bytecodealliance/wasmtime/commit/2ba4bce5cc719e5a74e571a534424614e62ecc41,https://github.com/bytecodealliance/wasmtime/commit/886ecc562040bef61faf19438c22285c2d62403a
RUSTSEC-2022-0098,wasmtime,2022-11-05,"[""memory-exposure""]","[""CWE-212"", ""CWE-226""]",https://github.com/bytecodealliance/wasmtime/security/advisories/GHSA-wh6w-3828-g9qf,[N/A],High,"[""CVE-2022-39393"", ""GHSA-wh6w-3828-g9qf""]",[],"patched = ["">= 1.0.2, < 2.0.0"", "">= 2.0.2""]",[N/A],[N/A],https://github.com/bytecodealliance/wasmtime/commit/2614f2e9d2d36805ead8a8da0fa0c6e0d9e428a0,https://github.com/bytecodealliance/wasmtime/commit/2614f2e9d2d36805ead8a8da0fa0c6e0d9e428a0
RUSTSEC-2022-0093,ed25519-dalek,2022-06-11,"[""crypto-failure""]","[""CWE-497""]",https://github.com/MystenLabs/ed25519-unsafe-libs,[N/A],[N/A],"[""GHSA-w5vr-6qhr-36cc""]",[N/A],"patched = ["">= 2""]",[N/A],[N/A],https://github.com/dalek-cryptography/ed25519-dalek/pull/205/files,https://github.com/MystenLabs/ed25519-unsafe-libs
RUSTSEC-2022-0091,tauri,2022-09-19,"[""privilege-escalation""]","[""CWE-284"", ""CWE-668"", ""CWE-706""]",https://github.com/tauri-apps/tauri/issues/5234,[N/A],Low,"[""CVE-2022-41874"", ""GHSA-q9wv-22m9-vhqh""]",[N/A],"patched = ["">= 1.0.7, < 1.1.0"", "">= 1.1.2""]
unaffected = [""< 1.0.0""]",[N/A],[N/A],https://github.com/108518/tauri/commit/4cbdf0fb1c0de5004eab51c36d5843a9816f18af,https://github.com/108518/tauri/commit/4cbdf0fb1c0de5004eab51c36d5843a9816f18af
RUSTSEC-2022-0072,hyper-staticfile,2022-12-23,"[""format-injection""]","[""CWE-601""]",https://github.com/stephank/hyper-staticfile/commit/f12cadc6666c6f555d29725f5bc45da2103f24ea,[N/A],[N/A],"[""GHSA-5wvv-q5fv-2388""]","[""open redirect"", ""http""]","patched = [""^0.9.4"", "">= 0.10.0-alpha.5""]",[N/A],[N/A],https://github.com/stephank/hyper-staticfile/commit/f12cadc6666c6f555d29725f5bc45da2103f24ea,https://github.com/stephank/hyper-staticfile/commit/f12cadc6666c6f555d29725f5bc45da2103f24ea
RUSTSEC-2022-0068,capnp,2022-11-30,"[""memory-exposure""]","[""CWE-125""]",https://github.com/capnproto/capnproto/tree/master/security-advisories/2022-11-30-0-pointer-list-bounds.md,"[""https://dwrensha.github.io/capnproto-rust/2022/11/30/out_of_bounds_memory_access_bug.html"", ""https://github.com/capnproto/capnproto/security/advisories/GHSA-qqff-4vw4-f6hx""]",Medium,"[""CVE-2022-46149"", ""GHSA-qqff-4vw4-f6hx""]",[N/A],"patched = ["">= 0.15.2"", ""^0.14.11"", ""^0.13.7""]",[N/A],[N/A],https://github.com/capnproto/capnproto-rust/commit/e7ee0ef892c354b0390ed6e38d3ca634308897c5,https://github.com/capnproto/capnproto-rust/commit/e7ee0ef892c354b0390ed6e38d3ca634308897c5
RUSTSEC-2022-0066,conduit-hyper,2022-10-30,"[""denial-of-service""]","[""CWE-400"", ""CWE-1284""]",https://github.com/conduit-rust/conduit-hyper/security/advisories/GHSA-9398-5ghf-7pr6,[N/A],High,"[""GHSA-9398-5ghf-7pr6"", ""CVE-2022-39294""]",[N/A],"patched = ["">= 0.4.2""]
unaffected = [""< 0.2.0-alpha.3""]",[N/A],[N/A],https://github.com/conduit-rust/conduit-hyper/commit/4d225a53206505d39438ec6694e15f49c038baff,https://github.com/conduit-rust/conduit-hyper/commit/5f0553d2a6a615818536953cc6ba906fb3dfce5e
RUSTSEC-2022-0063,linked_list_allocator,2022-09-07,"[""memory-corruption""]","[""CWE-119"", ""CWE-787"", ""CWE-1284""]",https://github.com/advisories/GHSA-xg8p-34w2-j49j,[N/A],High,"[""CVE-2022-36086"", ""GHSA-xg8p-34w2-j49j""]",[N/A],"patched = ["">= 0.10.2""]
unaffected = []",[N/A],[N/A],https://github.com/rust-osdev/linked-list-allocator/commit/013b0758643943e8df5b17bbb495460ff47e8bbf,https://github.com/rust-osdev/linked-list-allocator/commit/013b0758643943e8df5b17bbb495460ff47e8bbf
RUSTSEC-2022-0038,juniper,2022-07-28,"[""denial-of-service""]","[""CWE-400"", ""CWE-674""]",https://github.com/graphql-rust/juniper/security/advisories/GHSA-4rx6-g5vg-5f3j,[N/A],High,"[""GHSA-4rx6-g5vg-5f3j"", ""CVE-2022-31173""]",[N/A],"patched = ["">= 0.15.10""]",[N/A],[N/A],https://github.com/graphql-rust/juniper/commit/2b609ee057be950e3454b69fadc431d120e407bb,https://github.com/graphql-rust/juniper/commit/2b609ee057be950e3454b69fadc431d120e407bb
RUSTSEC-2022-0028,neon,2022-05-22,"[""memory-exposure""]",[],https://github.com/neon-bindings/neon/issues/896,[N/A],[N/A],"[""GHSA-8mj7-wxmc-f424""]","[""use-after-free"", ""incorrect-lifetime""]","patched = ["">= 0.10.1""]
unaffected = [""< 0.8.0""]",[N/A],"""neon::types::JsArrayBuffer::external"" = [""< 0.10.1, >= 0.8.0""]
""neon::types::JsBuffer::external"" = [""< 0.10.1, >= 0.8.0""]",https://github.com/neon-bindings/neon/commit/4e350ea1d74cc90158e7bc3b8ce273bf9b6a5c0f,https://github.com/neon-bindings/neon/issues/896
RUSTSEC-2022-0013,regex,2022-03-08,"[""denial-of-service""]","[""CWE-400"", ""CWE-1333""]",https://groups.google.com/g/rustlang-security-announcements/c/NcNNL1Jq7Yw,[N/A],High,"[""CVE-2022-24713"", ""GHSA-m5pq-gvj9-9vr8""]",[N/A],"patched = ["">= 1.5.5""]",[N/A],[N/A],https://github.com/rust-lang/regex/commit/ae70b41d4f46641dbc45c7a4f87954aea356283e,https://github.com/rust-lang/regex/commit/ae70b41d4f46641dbc45c7a4f87954aea356283e
RUSTSEC-2022-0012,arrow2,2022-03-04,"[""memory-corruption""]","[""CWE-415""]",https://github.com/jorgecarleitao/arrow2/issues/880,[N/A],[N/A],"[""GHSA-5j8w-r7g8-5472""]",[N/A],"patched = ["">= 0.7.1, < 0.8"", "">= 0.8.2, < 0.9"", "">= 0.9.2, < 0.10"", "">= 0.10.0""]",[N/A],[N/A],https://github.com/jorgecarleitao/arrow2/pull/882/files,https://github.com/jorgecarleitao/arrow2/issues/880
RUSTSEC-2022-0003,ammonia,2022-01-19,"[""format-injection""]","[""CWE-79""]",https://github.com/rust-ammonia/ammonia/pull/147,[N/A],[N/A],"[""GHSA-p2g9-94wh-65c2""]","[""html"", ""xss""]","patched = ["">= 3.1.3""]
unaffected = [""< 3.0.0""]","functions = { ""ammonia::clean_text"" = [""<= 3.1.2""] }",[N/A],https://github.com/rust-ammonia/ammonia/pull/147/files,https://github.com/rust-ammonia/ammonia/pull/147/files
RUSTSEC-2022-0002,dashmap,2022-01-10,"[""memory-exposure""]",[],https://github.com/xacrimon/dashmap/issues/167,[N/A],[N/A],"[""GHSA-mpg5-fvwp-42m2""]","[""segfault"", ""use-after-free""]","patched = ["">= 5.1.0""]
unaffected = [""< 5.0.0""]",[N/A],"""dashmap::mapref::multiple::RefMulti::key"" = ["">= 5.0.0""]
""dashmap::mapref::multiple::RefMulti::value"" = ["">= 5.0.0""]
""dashmap::mapref::multiple::RefMulti::pair"" = ["">= 5.0.0""]
""dashmap::mapref::multiple::RefMutMulti::key"" = ["">= 5.0.0""]
""dashmap::mapref::multiple::RefMutMulti::pair"" = ["">= 5.0.0""]
""dashmap::mapref::multiple::RefMutMulti::pair_mut"" = ["">= 5.0.0""]
""dashmap::mapref::one::Ref::key"" = ["">= 5.0.0""]
""dashmap::mapref::one::Ref::value"" = ["">= 5.0.0""]
""dashmap::mapref::one::Ref::pair"" = ["">= 5.0.0""]
""dashmap::mapref::one::RefMut::key"" = ["">= 5.0.0""]
""dashmap::mapref::one::RefMut::pair"" = ["">= 5.0.0""]
""dashmap::mapref::one::RefMut::pair_mut"" = ["">= 5.0.0""]
""dashmap::setref::multiple::RefMulti::key"" = ["">= 5.0.0""]
""dashmap::setref::one::Ref::key"" = ["">= 5.0.0""]",https://github.com/xacrimon/dashmap/pull/180/files,https://github.com/xacrimon/dashmap/issues/167
RUSTSEC-2021-0143,kamadak-exif,2021-01-04,"[""denial-of-service""]","[""CWE-400"", ""CWE-835""]",https://github.com/kamadak/exif-rs/commit/1b05eab57e484cd7d576d4357b9cda7fdc57df8c,[N/A],Medium,"[""CVE-2021-21235"", ""GHSA-px9g-8hgv-jvg2""]","[""untrusted-data"", ""dos""]","patched = ["">= 0.5.3""]
unaffected = [""< 0.5.2""]","functions = { ""kamadak_exif::Reader::read_from_container"" = ["">= 0.5.2, < 0.5.3""] }",[N/A],https://github.com/kamadak/exif-rs/commit/1b05eab57e484cd7d576d4357b9cda7fdc57df8c,https://github.com/kamadak/exif-rs/commit/1b05eab57e484cd7d576d4357b9cda7fdc57df8c
RUSTSEC-2021-0130,lru,2021-12-21,"[""memory-corruption""]","[""CWE-416""]",https://github.com/jeromefroe/lru-rs/issues/120,[N/A],High,"[""CVE-2021-45720"", ""GHSA-qqmc-hwqp-8g2w"", ""GHSA-v362-2895-h9r2""]","[""use-after-free""]","patched = ["">= 0.7.1""]",[N/A],"""lru::LruCache::iter"" = [""< 0.7.1""]
""lru::LruCache::iter_mut"" = [""< 0.7.1""]",https://github.com/jeromefroe/lru-rs/pull/121/files,https://github.com/jeromefroe/lru-rs/issues/120
RUSTSEC-2021-0128,rusqlite,2021-12-07,"[""memory-corruption""]","[""CWE-416""]",https://github.com/rusqlite/rusqlite/issues/1048,[N/A],High,"[""CVE-2021-45713"", ""CVE-2021-45714"", ""CVE-2021-45715"", ""CVE-2021-45716"", ""CVE-2021-45717"", ""CVE-2021-45718"", ""CVE-2021-45719"", ""GHSA-4qr3-m7ww-hh9g"", ""GHSA-87xh-9q6h-r5cc"", ""GHSA-92cx-4xm7-jr9m"", ""GHSA-cm8g-544f-p9x9"", ""GHSA-f6f2-3w33-54r9"", ""GHSA-g4g4-3pqw-8m7f"", ""GHSA-g87r-23vw-7f87"", ""GHSA-q89g-4vhh-mvvm""]","[""use-after-free"", ""incorrect-lifetime""]","patched = ["">= 0.26.2"", ""0.25.4""]
unaffected = [""< 0.25.0""]",[N/A],"""rusqlite::Connection::create_scalar_function"" = ["">= 0.25.0, < 0.25.4"", "">= 0.26.0, < 0.26.2""]
""rusqlite::Connection::create_aggregate_function"" = ["">= 0.25.0, < 0.25.4"", "">= 0.26.0, < 0.26.2""]
""rusqlite::Connection::create_window_function"" = ["">= 0.25.0, < 0.25.4"", "">= 0.26.0, < 0.26.2""]
""rusqlite::Connection::create_collation"" = ["">= 0.25.0, < 0.25.4"", "">= 0.26.0, < 0.26.2""]
""rusqlite::Connection::commit_hook"" = ["">= 0.25.0, < 0.25.4"", "">= 0.26.0, < 0.26.2""]
""rusqlite::Connection::rollback_hook"" = ["">= 0.25.0, < 0.25.4"", "">= 0.26.0, < 0.26.2""]
""rusqlite::Connection::update_hook"" = ["">= 0.25.0, < 0.25.4"", "">= 0.26.0, < 0.26.2""]",https://github.com/rusqlite/rusqlite/pull/1049/files,https://github.com/rusqlite/rusqlite/issues/1048
RUSTSEC-2021-0125,simple_asn1,2021-11-14,"[""denial-of-service""]","[""CWE-20"", ""CWE-400""]",https://github.com/acw/simple_asn1/issues/27,[N/A],High,"[""CVE-2021-45711"", ""GHSA-3m6f-3gfg-4x56"", ""GHSA-g4h2-4wvh-grc5""]","[""panic"", ""string_slice""]","patched = ["">=0.6.1""]
unaffected = [""<0.6.0""]",[N/A],[N/A],https://github.com/acw/simple_asn1/pull/28/files,https://github.com/acw/simple_asn1/pull/28/files
RUSTSEC-2021-0124,tokio,2021-11-16,"[""thread-safety""]","[""CWE-362""]",https://github.com/tokio-rs/tokio/issues/4225,[N/A],High,"[""CVE-2021-45710"", ""GHSA-fg7r-2g4j-5cgr""]","[""race condition""]","patched = ["">= 1.8.4, < 1.9.0"", "">= 1.13.1""]
unaffected = [""< 0.1.14""]",[N/A],"""tokio::sync::oneshot::Receiver::close"" = [""<= 1.13.0, >= 0.1.14""]",https://github.com/tokio-rs/tokio/pull/4226/files,https://github.com/tokio-rs/tokio/pull/4226/files
RUSTSEC-2021-0122,flatbuffers,2021-10-31,"[""memory-corruption""]",[],https://github.com/google/flatbuffers/issues/6627,[N/A],Critical,"[""GHSA-3jch-9qgp-4844""]",[N/A],"patched = ["">= 22.9.29""]",[N/A],[N/A],https://github.com/google/flatbuffers/pull/7518,https://github.com/google/flatbuffers/issues/6627
RUSTSEC-2021-0118,arrow,2021-09-14,"[""memory-exposure""]",[],https://github.com/apache/arrow-rs/issues/774,[N/A],[N/A],"[""GHSA-qgrp-8f3v-q85p""]","[""buffer-overflow""]","patched = ["">= 6.4.0""]",[N/A],[N/A],https://github.com/apache/arrow-rs/issues/817,https://github.com/apache/arrow-rs/issues/774
RUSTSEC-2021-0115,zeroize_derive,2021-09-24,"[""memory-exposure""]","[""CWE-459""]",https://github.com/iqlusioninc/crates/issues/876,[N/A],Critical,"[""CVE-2021-45706"", ""GHSA-c5hx-w945-j4pq""]",[N/A],"patched = ["">= 1.1.1""]",[N/A],[N/A],https://github.com/iqlusioninc/crates/pull/847/files,https://github.com/iqlusioninc/crates/issues/876
RUSTSEC-2021-0114,nanorand,2021-09-23,"[""memory-corruption""]",[],https://github.com/Absolucy/nanorand-rs/issues/28,[N/A],Critical,"[""CVE-2021-45705"", ""GHSA-p6gj-gpc8-f8xw"", ""GHSA-r57r-j98g-587f""]","[""memory-safety"", ""aliasing""]","patched = ["">= 0.6.1""]
unaffected = [""< 0.5.0""]","functions = { ""nanorand::tls::tls_rand"" = ["">= 0.5.0"", ""<= 0.6.0""] }",[N/A],https://github.com/Absolucy/nanorand-rs/commit/340f893dbc9db3e43c6315b05eff4b0b150220d2,https://github.com/Absolucy/nanorand-rs/issues/28
RUSTSEC-2021-0113,metrics-util,2021-04-07,"[""thread-safety""]","[""CWE-362"", ""CWE-787""]",https://github.com/metrics-rs/metrics/issues/190,[N/A],[N/A],"[""CVE-2021-45704"", ""GHSA-3hxh-7jxm-59x4"", ""GHSA-cwvc-87xq-pc5m""]",[N/A],"patched = ["">= 0.7.0""]",[N/A],[N/A],https://github.com/metrics-rs/metrics/pull/191/files,https://github.com/metrics-rs/metrics/issues/190
RUSTSEC-2021-0110,wasmtime,2021-09-17,"[""memory-exposure""]","[""CWE-125"", ""CWE-416"", ""CWE-590"", ""CWE-787"", ""CWE-843""]",[N/A],"[""https://github.com/bytecodealliance/wasmtime/security/advisories/GHSA-v4cp-h94r-m7xf"", ""https://github.com/bytecodealliance/wasmtime/security/advisories/GHSA-4873-36h9-wv49"", ""https://github.com/bytecodealliance/wasmtime/security/advisories/GHSA-q879-9g95-56mx""]",Medium,"[""CVE-2021-39216"", ""CVE-2021-39218"", ""CVE-2021-39219"", ""GHSA-4873-36h9-wv49"", ""GHSA-q879-9g95-56mx"", ""GHSA-v4cp-h94r-m7xf""]","[""use-after-free"", ""out-of-bounds read"", ""out-of-bounds write"", ""Wasm"", ""garbage collection""]","patched = ["">= 0.30.0""]
unaffected = []",[N/A],"""wasmtime::Store::gc"" = [""< 0.30.0""]
""wasmtime::Linker::func_wrap"" = [""< 0.30.0""]
""wasmtime::Linker::func_new"" = [""< 0.30.0""]",https://github.com/bytecodealliance/wasmtime/commit/101998733b74624cbd348a2366d05760b40181f3,https://github.com/bytecodealliance/wasmtime/commit/101998733b74624cbd348a2366d05760b40181f3
RUSTSEC-2021-0100,sha2,2021-09-08,"[""crypto-failure""]","[""CWE-327""]",https://github.com/RustCrypto/hashes/pull/314,[N/A],[N/A],"[""CVE-2021-45696"", ""GHSA-fc7x-2cmc-8j2g"", ""GHSA-xpww-g9jx-hp8r""]","[""cryptography""]","patched = ["">= 0.9.8""]
unaffected = [""< 0.9.7""]",[N/A],[N/A],https://github.com/RustCrypto/hashes/pull/314/files,https://github.com/RustCrypto/hashes/pull/314/files
RUSTSEC-2021-0081,actix-http,2021-06-16,"[""format-injection""]","[""CWE-444""]",[N/A],[N/A],High,"[""CVE-2021-38512"", ""GHSA-8928-2fgm-6x9x""]","[""smuggling"", ""http"", ""reverse proxy"", ""request smuggling""]","patched = [""^ 2.2.1"", "">= 3.0.0-beta.9""]",[N/A],[N/A],https://github.com/actix/actix-web/commit/e965d8298f421e9c89fe98b1300b8361e948c324,https://github.com/actix/actix-web/commit/e965d8298f421e9c89fe98b1300b8361e948c324
RUSTSEC-2021-0080,tar,2021-07-19,"[""privilege-escalation""]","[""CWE-22"", ""CWE-59""]",https://github.com/alexcrichton/tar-rs/issues/238,[N/A],High,"[""CVE-2021-38511"", ""GHSA-62jx-8vmh-4mcw""]",[N/A],"patched = ["">= 0.4.36""]","functions = { ""tar::Archive::unpack"" = [""< 0.4.36""] }",[N/A],https://github.com/alexcrichton/tar-rs/pull/259/files,https://github.com/alexcrichton/tar-rs/issues/238
RUSTSEC-2021-0079,hyper,2021-07-07,"[""format-injection""]","[""CWE-190""]",https://github.com/hyperium/hyper/security/advisories/GHSA-5h46-h7hh-c6x9,[N/A],Critical,"[""CVE-2021-32714"", ""GHSA-5h46-h7hh-c6x9""]","[""http"", ""parsing"", ""data loss""]","patched = ["">= 0.14.10""]",[N/A],[N/A],https://github.com/hyperium/hyper/commit/1068b994df1aec2a0a562224965a80ddced50e60,https://github.com/hyperium/hyper/commit/1068b994df1aec2a0a562224965a80ddced50e60
RUSTSEC-2021-0075,ark-r1cs-std,2021-07-08,"[""crypto-failure""]","[""CWE-682""]",https://github.com/arkworks-rs/r1cs-std/pull/70,[N/A],Critical,"[""CVE-2021-38194"", ""GHSA-qj3v-q2vj-4c8h""]","[""r1cs"", ""zksnark"", ""arkworks""]","patched = ["">= 0.3.1""]","functions = { ""ark_r1cs_std::FieldVar::mul_by_inverse"" = [""< 0.3.0""] }",[N/A],https://github.com/arkworks-rs/r1cs-std/pull/70/files,https://github.com/arkworks-rs/r1cs-std/pull/70/files
RUSTSEC-2021-0074,ammonia,2021-07-08,"[""format-injection""]","[""CWE-79""]",https://github.com/rust-ammonia/ammonia/pull/142,[N/A],Medium,"[""CVE-2021-38193"", ""GHSA-5325-xw5m-phm3""]","[""html"", ""xss""]","patched = ["">= 3.1.0"", "">= 2.1.3, < 3.0.0""]",[N/A],[N/A],https://github.com/rust-ammonia/ammonia/pull/142/files,https://github.com/rust-ammonia/ammonia/pull/142/files
RUSTSEC-2021-0073,prost-types,2021-07-08,"[""denial-of-service""]","[""CWE-120"", ""CWE-190""]",https://github.com/tokio-rs/prost/issues/438,[N/A],High,"[""CVE-2021-38192"", ""GHSA-x4qm-mcjq-v2gf""]","[""denial-of-service""]","patched = ["">= 0.8.0""]","functions = { ""prost_types::Timestamp::Into<SystemTime>"" = [""<= 0.7.0""] }",[N/A],https://github.com/tokio-rs/prost/commit/59f2a7311dd6540696bfd0145f5281ce495f4385,https://github.com/tokio-rs/prost/issues/438
RUSTSEC-2021-0072,tokio,2021-07-07,"[""memory-corruption""]","[""CWE-362"", ""CWE-366""]",https://github.com/tokio-rs/tokio/issues/3929,[N/A],Medium,"[""CVE-2021-38191"", ""GHSA-2grh-hm3w-w7hv""]","[""race condition"", ""send""]","patched = ["">= 1.5.1, < 1.6.0"", "">= 1.6.3, < 1.7.0"", "">= 1.7.2, < 1.8.0"", "">= 1.8.1""]
unaffected = [""< 0.3.0""]","functions = { ""tokio::task::JoinHandle::abort"" = [""<= 1.8.0, >= 0.3.0""] }",[N/A],https://github.com/tokio-rs/tokio/pull/3934/files,"https://github.com/tokio-rs/tokio/pull/3934/files

https://github.com/tokio-rs/tokio/issues/3929"
RUSTSEC-2021-0070,nalgebra,2021-06-06,"[""memory-exposure""]","[""CWE-119"", ""CWE-787""]",https://github.com/dimforge/nalgebra/issues/883,[N/A],Critical,"[""CVE-2021-38190"", ""GHSA-3w8g-xr3f-2mp8""]","[""memory-safety""]","patched = ["">= 0.27.1""]
unaffected = [""< 0.11.0""]",[N/A],[N/A],https://github.com/dimforge/nalgebra/pull/889/files,https://github.com/dimforge/nalgebra/pull/889/files
RUSTSEC-2021-0069,lettre,2021-05-22,"[""format-injection""]","[""CWE-77"", ""CWE-147""]",https://github.com/lettre/lettre/pull/627/commits/93458d01fed0ec81c0e7b4e98e6f35961356fae2,[N/A],Critical,"[""GHSA-qc36-q22q-cjw3"", ""CVE-2021-38189""]","[""email"", ""smtp""]","patched = ["">= 0.10.0-rc.3"", ""< 0.10.0-alpha.1, >= 0.9.6""]
unaffected = [""< 0.7.0""]",[N/A],"""lettre::smtp::SmtpTransport::send"" = [""< 0.10.0-alpha.1""]
""lettre::transport::smtp::SmtpTransport::send"" = ["">= 0.10.0-alpha.1, < 0.10.0-rc.3""]
""lettre::transport::smtp::SmtpTransport::send_raw"" = ["">= 0.10.0-alpha.1, < 0.10.0-rc.3""]",https://github.com/lettre/lettre/commit/8bfc20506cc5e098fe6eb3d1cafe3bea791215ce,https://github.com/lettre/lettre/commit/8bfc20506cc5e098fe6eb3d1cafe3bea791215ce
RUSTSEC-2021-0063,comrak,2021-05-04,"[""format-injection""]","[""CWE-79""]",https://github.com/kivikakk/comrak/releases/tag/0.10.1,[N/A],Medium,"[""CVE-2021-38186"", ""GHSA-6wj2-g87r-pm62""]","[""xss""]","patched = ["">= 0.10.1""]",[N/A],[N/A],https://github.com/kivikakk/comrak/commit/b72340cabe4749952530b4fb6b4fcc706bc973e5,https://github.com/kivikakk/comrak/commit/b72340cabe4749952530b4fb6b4fcc706bc973e5
RUSTSEC-2021-0050,reorder,2021-02-24,"[""memory-corruption""]","[""CWE-787""]",https://github.com/tiby312/reorder/issues/1,[N/A],High,"[""CVE-2021-29941"", ""CVE-2021-29942"", ""GHSA-3h87-v52r-p9rg"", ""GHSA-jpwg-6gf5-5vh9""]","[""memory-corruption"", ""out-of-bounds""]","patched = ["">= 1.1.0""]",[N/A],[N/A],https://github.com/tiby312/reorder/commit/8b0eba0b117b82abe4c24c05188b4d30ba4d461e,https://github.com/tiby312/reorder/issues/1
RUSTSEC-2021-0048,stackvector,2021-02-19,"[""memory-corruption""]","[""CWE-787""]",https://github.com/Alexhuszagh/rust-stackvector/issues/2,[N/A],High,"[""CVE-2021-29939"", ""GHSA-9frf-r7c7-j2vg""]",[N/A],"patched = ["">= 1.0.9""]",[N/A],[N/A],https://github.com/Alexhuszagh/rust-stackvector/commit/f45657d5a823a67bb3f5cffee65efbb401a44192,https://github.com/Alexhuszagh/rust-stackvector/issues/2
RUSTSEC-2021-0041,parse_duration,2021-03-18,"[""denial-of-service""]","[""CWE-400"", ""CWE-770""]",https://github.com/zeta12ti/parse_duration/issues/21,[N/A],High,"[""CAN-2021-1000007"", ""CVE-2021-29932"", ""GHSA-qpgv-g792-wh6x""]","[""parsing"", ""untrusted data""]","patched = []
unaffected = []",[N/A],"""parse_duration::parse"" = [""*""]",https://github.com/zeta12ti/parse_duration/pull/18/files,https://github.com/zeta12ti/parse_duration/issues/21
RUSTSEC-2021-0040,arenavec,2021-01-12,"[""memory-corruption""]","[""CWE-415"", ""CWE-787""]",https://github.com/ibabushkin/arenavec/issues/1,[N/A],High,"[""CVE-2021-29930"", ""CVE-2021-29931"", ""GHSA-327x-39hh-65wf"", ""GHSA-955p-rc5h-hg6h""]",[N/A],patched = [],[N/A],[N/A],https://github.com/ibabushkin/arenavec/pull/2/files,https://github.com/ibabushkin/arenavec/issues/1
RUSTSEC-2021-0038,fltk,2021-03-06,"[""memory-corruption""]","[""CWE-125"", ""CWE-476""]",https://github.com/MoAlyousef/fltk-rs/issues/519,[N/A],High,"[""CVE-2021-28306"", ""CVE-2021-28307"", ""CVE-2021-28308"", ""GHSA-5pg8-h4gv-m3p8"", ""GHSA-7qcc-g2m9-8533"", ""GHSA-vjmg-pc8h-p6p8""]","[""undefined_behavior""]","patched = ["">= 0.15.3""]",[N/A],"""fltk::prelude::WidgetExt::set_label_type"" = [""< 0.15.2""]
""fltk::prelude::WindowExt::set_icon"" = [""< 0.14.12""]
""fltk::image::Pixmap::new"" = [""< 0.15.2, >= 0.14.12""]",https://github.com/fltk-rs/fltk-rs/commit/1b2e6bdbd93df1f673f5c57cf6dda625e36b4810,https://github.com/fltk-rs/fltk-rs/issues/519
RUSTSEC-2021-0036,internment,2021-03-03,"[""thread-safety""]","[""CWE-362""]",https://github.com/droundy/internment/issues/20,[N/A],Critical,"[""CVE-2021-28037"", ""GHSA-gppw-3h6h-v6q2""]",[N/A],"patched = ["">= 0.4.2""]",[N/A],[N/A],https://github.com/droundy/internment/commit/2928a87a0c9f86c46ba70f8c8058d9b7b10a241d,https://github.com/droundy/internment/issues/20
RUSTSEC-2021-0033,stack_dst,2021-02-22,"[""memory-corruption""]","[""CWE-415"", ""CWE-908""]",https://github.com/thepowersgang/stack_dst-rs/issues/5,[N/A],Critical,"[""CVE-2021-28034"", ""CVE-2021-28035"", ""GHSA-45w7-7g63-2m5w"", ""GHSA-8mjx-h23h-w2pg""]","[""memory-safety"", ""double-free""]","patched = ["">= 0.6.1""]","functions = { ""stack_dst::StackA::push_cloned"" = [""< 0.6.1""] }",[N/A],https://github.com/thepowersgang/stack_dst-rs/commit/2a4d538,https://github.com/thepowersgang/stack_dst-rs/issues/5
RUSTSEC-2021-0032,byte_struct,2021-03-01,"[""memory-corruption""]","[""CWE-119"", ""CWE-908""]",https://github.com/wwylele/byte-struct-rs/issues/1,[N/A],Critical,"[""CVE-2021-28033"", ""GHSA-8fgg-5v78-6g76""]","[""memory-safety""]","patched = ["">= 0.6.1""]",[N/A],[N/A],https://github.com/wwylele/byte-struct-rs/commit/a535678377de12bc6bc22620c5f59bcc1369f76f,https://github.com/wwylele/byte-struct-rs/issues/1
RUSTSEC-2021-0031,nano_arena,2021-01-31,"[""memory-corruption""]","[""CWE-416""]",https://github.com/bennetthardwick/nano-arena/issues/1,[N/A],Critical,"[""CVE-2021-28032"", ""GHSA-wp34-mqw5-jj85""]","[""memory-safety"", ""aliasing"", ""unsound""]","patched = ["">= 0.5.2""]",[N/A],"""nano_arena::Arena::split_at"" = [""< 0.5.2""]
""nano_arena::ArenaSplit::split_at"" = [""< 0.5.2""]",https://github.com/bennetthardwick/nano-arena/commit/6b83f9d0708337a9f8b709c1624a8587021ceba2,https://github.com/bennetthardwick/nano-arena/issues/1
RUSTSEC-2021-0030,scratchpad,2021-02-18,"[""memory-corruption""]","[""CWE-415""]",https://github.com/okready/scratchpad/issues/1,[N/A],Critical,"[""CVE-2021-28031"", ""GHSA-3qm2-rfqw-fmrw""]","[""memory-safety"", ""double-free""]","patched = ["">= 1.3.1""]","functions = { ""scratchpad::SliceMoveSource::move_elements"" = [""< 1.3.1""] }",[N/A],https://github.com/okready/scratchpad/commit/891561bea,https://github.com/okready/scratchpad/issues/1
RUSTSEC-2021-0028,toodee,2021-02-19,"[""memory-corruption""]","[""CWE-415"", ""CWE-908""]",https://github.com/antonmarsden/toodee/issues/13,[N/A],Critical,"[""CVE-2021-28028"", ""CVE-2021-28029"", ""GHSA-wcvp-r8j8-47pc"", ""GHSA-xm9m-2vj8-fmfr""]","[""memory-safety"", ""double-free""]","patched = ["">= 0.3.0""]
unaffected = []","functions = { ""toodee::TooDee::insert_row"" = [""< 0.3.0""] }",[N/A],https://github.com/antonmarsden/toodee/commit/ced70c172486fb4827c172cd8238053df3d1dcdb,https://github.com/antonmarsden/toodee/issues/13
RUSTSEC-2021-0027,bam,2021-01-07,"[""memory-corruption""]","[""CWE-191""]",https://gitlab.com/tprodanov/bam/-/issues/4,[N/A],Critical,"[""CVE-2021-28027"", ""GHSA-cpqj-r29q-chrh""]",[N/A],"patched = ["">= 0.1.3""]","functions = { ""bam::bgzip::Block::load"" = [""< 0.1.3""] }",[N/A],https://gitlab.com/tprodanov/bam/-/commit/061eee38d47c96339b796c943d3163235490532d,https://gitlab.com/tprodanov/bam/-/issues/4
RUSTSEC-2021-0026,comrak,2021-02-21,"[""format-injection""]","[""CWE-79""]",https://github.com/kivikakk/comrak/releases/tag/0.9.1,[N/A],Medium,"[""CVE-2021-27671"", ""GHSA-xmr7-v725-2jjr""]","[""xss""]","patched = ["">= 0.9.1""]",[N/A],[N/A],https://github.com/kivikakk/comrak/commit/b3efbb6e427bcd33bb14db45753ad4fd98e0f5bf,https://github.com/kivikakk/comrak/commit/b3efbb6e427bcd33bb14db45753ad4fd98e0f5bf
RUSTSEC-2021-0022,yottadb,2021-02-09,"[""memory-corruption""]","[""CWE-416""]",https://gitlab.com/YottaDB/Lang/YDBRust/-/issues/40,[N/A],Critical,"[""CVE-2021-27377"", ""GHSA-9658-c26v-7qvf""]","[""use-after-free""]","patched = ["">= 1.2.0""]",[N/A],"""yottadb::Key::sub_next_self_st"" = [""< 1.2.0""]
""yottadb::Key::sub_prev_self_st"" = [""< 1.2.0""]
""yottadb::KeyContext::sub_next_self_st"" = [""< 1.2.0""]
""yottadb::KeyContext::sub_prev_self_st"" = [""< 1.2.0""]",https://gitlab.com/YottaDB/Lang/YDBRust/-/merge_requests/118/diffs,https://gitlab.com/YottaDB/Lang/YDBRust/-/merge_requests/118/diffs
RUSTSEC-2021-0020,hyper,2021-02-05,"[""format-injection""]","[""CWE-444""]",https://github.com/hyperium/hyper/security/advisories/GHSA-6hfq-h8hq-87mf,[N/A],High,"[""CVE-2021-21299"", ""GHSA-6hfq-h8hq-87mf""]","[""http"", ""request-smuggling""]","patched = ["">= 0.14.3"", ""0.13.10"", ""0.12.36""]
unaffected = [""< 0.12.0""]",[N/A],[N/A],https://github.com/hyperium/hyper/commit/8f93123efef5c1361086688fe4f34c83c89cec02,https://github.com/hyperium/hyper/commit/8f93123efef5c1361086688fe4f34c83c89cec02
RUSTSEC-2021-0018,qwutils,2021-02-03,"[""memory-corruption""]","[""CWE-415""]",https://github.com/qwertz19281/rust_utils/issues/3,[N/A],Medium,"[""CVE-2021-26954"", ""GHSA-68p4-pjpf-xwcq""]","[""memory-safety"", ""double-free""]","patched = ["">= 0.3.1""]","functions = { ""qwutils::imp::vec::VecExt::insert_slice_clone"" = [""< 0.3.1""] }",[N/A],https://github.com/qwertz19281/rust_utils/commit/20cb73d,https://github.com/qwertz19281/rust_utils/issues/3
RUSTSEC-2021-0011,fil-ocl,2021-01-04,"[""memory-corruption""]","[""CWE-415""]",https://github.com/cogciprocate/ocl/issues/194,[N/A],High,"[""CVE-2021-25908"", ""GHSA-x3v2-fgr6-3wmm""]","[""memory-safety"", ""double-free""]","patched = []
unaffected = [""< 0.12.0""]",[N/A],[N/A],https://github.com/cogciprocate/ocl/commit/6b3a84803060a4a824805de954c8d4140543b71a,https://github.com/cogciprocate/ocl/issues/194
RUSTSEC-2021-0010,containers,2021-01-12,"[""memory-corruption""]","[""CWE-415""]",https://github.com/strake/containers.rs/issues/2,[N/A],Critical,"[""CVE-2021-25907"", ""GHSA-cv7x-6rc6-pq5v""]",[N/A],"patched = ["">= 0.9.11""]",[N/A],[N/A],https://github.com/strake/containers.rs/commit/7389a24d84ee7ff1d60dc87270882897679c4afa,https://github.com/strake/containers.rs/issues/2
RUSTSEC-2021-0007,av-data,2021-01-07,"[""privilege-escalation""]","[""CWE-476""]",https://github.com/rust-av/rust-av/issues/136,[N/A],High,"[""CVE-2021-25904"", ""GHSA-352p-rhvq-7g78""]",[N/A],"patched = ["">= 0.3.0""]",[N/A],[N/A],https://github.com/rust-av/rust-av/commit/fb7bf1879b1b12fd30182d97e5f200e7d013f91d,https://github.com/rust-av/rust-av/issues/136
RUSTSEC-2021-0003,smallvec,2021-01-08,"[""memory-corruption""]","[""CWE-787""]",https://github.com/servo/rust-smallvec/issues/252,[N/A],Critical,"[""CVE-2021-25900"", ""GHSA-43w2-9j62-hq99""]","[""buffer-overflow"", ""heap-overflow"", ""unsound""]","patched = ["">= 0.6.14, < 1.0.0"", "">= 1.6.1""]
unaffected = [""< 0.6.3""]","functions = { ""smallvec::SmallVec::insert_many"" = ["">= 0.6.3, < 0.6.14"", "">= 1.0.0, < 1.6.1""] }",[N/A],https://github.com/servo/rust-smallvec/commit/9998ba0694a6b51aa6604748b00b6a98f0a0039e,https://github.com/servo/rust-smallvec/issues/252